activity_id,project_id
1,2745BYP
2,2745BYP
3,2745BYP
4,2745BYP
5,2745BYP
6,2745BYP
7,2745BYP
8,2745BYP
9,2745BYP
10,2745BYP
11,2745BYP
12,2745BYP
13,2745BYP
14,2745BYP
15,2745BYP
16,2745BYP
17,2745BYP
18,2745BYP
19,2745BYP
20,2745BYP
21,2745BYP
22,2745BYP
23,2745BYP
24,2745BYP
25,2745BYP
26,2745BYP
27,2745BYP
28,2745BYP
29,2745BYP
30,2745BYP
31,2745BYP
32,2745BYP
33,2745BYP
34,2745BYP
35,2745BYP
36,2745BYP
37,2745BYP
38,2745BYP
39,2745BYP
40,2745BYP
41,2745BYP
42,2745BYP
43,2745BYP
44,2745BYP
45,2745BYP
46,2745BYP
47,2745BYP
48,2745BYP
49,2745BYP
50,2745BYP
51,2745BYP
52,2745BYP
53,2745BYP
54,2745BYP
55,2745BYP
56,2745BYP
57,2745BYP
58,2745BYP
59,2745BYP
60,2745BYP
61,3018IMN
62,3018IMN
63,3018IMN
64,3018IMN
65,3018IMN
66,3018IMN
67,3018IMN
68,3018IMN
69,3018IMN
70,3018IMN
71,3018IMN
72,3018IMN
73,3018IMN
74,3018IMN
75,3018IMN
76,3018IMN
77,3018IMN
78,3018IMN
79,3018IMN
80,3018IMN
81,9332GRU
82,9332GRU
83,9332GRU
84,9332GRU
85,9332GRU
86,9332GRU
87,9332GRU
88,9332GRU
89,9332GRU
90,9332GRU
91,9332GRU
92,9332GRU
93,9332GRU
94,9332GRU
95,9332GRU
96,9332GRU
97,9332GRU
98,9332GRU
99,9332GRU
100,9332GRU
101,9332GRU
102,9332GRU
103,9332GRU
104,9332GRU
105,9332GRU
106,9332GRU
107,9332GRU
108,9332GRU
109,9332GRU
110,9332GRU
111,9332GRU
112,9332GRU
113,9332GRU
114,9332GRU
115,9332GRU
116,9332GRU
117,9332GRU
118,9332GRU
119,9332GRU
120,9332GRU
121,9332GRU
122,9332GRU
123,9332GRU
124,9332GRU
125,9332GRU
126,9332GRU
127,9332GRU
128,9332GRU
129,9332GRU
130,9332GRU
131,9332GRU
132,9332GRU
133,9332GRU
134,9332GRU
135,9332GRU
136,9332GRU
137,9332GRU
138,9332GRU
139,9332GRU
140,9332GRU
141,2780IHE
142,2780IHE
143,2780IHE
144,2780IHE
145,2780IHE
146,2780IHE
147,2780IHE
148,2780IHE
149,2780IHE
150,2780IHE
151,2780IHE
152,2780IHE
153,2780IHE
154,2780IHE
155,2780IHE
156,2780IHE
157,2780IHE
158,2780IHE
159,2780IHE
160,2780IHE
161,2780IHE
162,2780IHE
163,2780IHE
164,2780IHE
165,2780IHE
166,2780IHE
167,2780IHE
168,2780IHE
169,2780IHE
170,2780IHE
171,4265ATZ
172,4265ATZ
173,4265ATZ
174,4265ATZ
175,4265ATZ
176,4265ATZ
177,4265ATZ
178,4265ATZ
179,4265ATZ
180,4265ATZ
181,4265ATZ
182,4265ATZ
183,4265ATZ
184,4265ATZ
185,4265ATZ
186,4265ATZ
187,4265ATZ
188,4265ATZ
189,4265ATZ
190,4265ATZ
191,4265ATZ
192,4265ATZ
193,4265ATZ
194,4265ATZ
195,4265ATZ
196,4265ATZ
197,4265ATZ
198,4265ATZ
199,4265ATZ
200,4265ATZ
201,4265ATZ
202,4265ATZ
203,4265ATZ
204,4265ATZ
205,4265ATZ
206,4265ATZ
207,4265ATZ
208,4265ATZ
209,4265ATZ
210,4265ATZ
211,4265ATZ
212,4265ATZ
213,4265ATZ
214,4265ATZ
215,4265ATZ
216,4265ATZ
217,4265ATZ
218,4265ATZ
219,4265ATZ
220,4265ATZ
221,4265ATZ
222,4265ATZ
223,4265ATZ
224,4265ATZ
225,4265ATZ
226,4265ATZ
227,4265ATZ
228,4265ATZ
229,4265ATZ
230,4265ATZ
231,3588RHI
232,3588RHI
233,3588RHI
234,3588RHI
235,3588RHI
236,3588RHI
237,3588RHI
238,3588RHI
239,3588RHI
240,3588RHI
241,3588RHI
242,3588RHI
243,3588RHI
244,3588RHI
245,3588RHI
246,3588RHI
247,3588RHI
248,3588RHI
249,3588RHI
250,3588RHI
251,3588RHI
252,3588RHI
253,3588RHI
254,3588RHI
255,3588RHI
256,3588RHI
257,3588RHI
258,3588RHI
259,3588RHI
260,3588RHI
261,8350GDZ
262,8350GDZ
263,8350GDZ
264,8350GDZ
265,8350GDZ
266,8350GDZ
267,8350GDZ
268,8350GDZ
269,8350GDZ
270,8350GDZ
271,8350GDZ
272,8350GDZ
273,8350GDZ
274,8350GDZ
275,8350GDZ
276,8350GDZ
277,8350GDZ
278,8350GDZ
279,8350GDZ
280,8350GDZ
281,8350GDZ
282,8350GDZ
283,8350GDZ
284,8350GDZ
285,8350GDZ
286,8350GDZ
287,8350GDZ
288,8350GDZ
289,8350GDZ
290,8350GDZ
291,8350GDZ
292,8350GDZ
293,8350GDZ
294,8350GDZ
295,8350GDZ
296,8350GDZ
297,8350GDZ
298,8350GDZ
299,8350GDZ
300,8350GDZ
301,3867WPE
302,3867WPE
303,3867WPE
304,3867WPE
305,3867WPE
306,3867WPE
307,3867WPE
308,3867WPE
309,3867WPE
310,3867WPE
311,3867WPE
312,3867WPE
313,3867WPE
314,3867WPE
315,3867WPE
316,3867WPE
317,3867WPE
318,3867WPE
319,3867WPE
320,3867WPE
321,3867WPE
322,3867WPE
323,3867WPE
324,3867WPE
325,3867WPE
326,3867WPE
327,3867WPE
328,3867WPE
329,3867WPE
330,3867WPE
331,1215NAQ
332,1215NAQ
333,1215NAQ
334,1215NAQ
335,1215NAQ
336,1215NAQ
337,1215NAQ
338,1215NAQ
339,1215NAQ
340,1215NAQ
341,1215NAQ
342,1215NAQ
343,1215NAQ
344,1215NAQ
345,1215NAQ
346,1215NAQ
347,1215NAQ
348,1215NAQ
349,1215NAQ
350,1215NAQ
351,1215NAQ
352,1215NAQ
353,1215NAQ
354,1215NAQ
355,1215NAQ
356,1215NAQ
357,1215NAQ
358,1215NAQ
359,1215NAQ
360,1215NAQ
361,1215NAQ
362,1215NAQ
363,1215NAQ
364,1215NAQ
365,1215NAQ
366,1215NAQ
367,1215NAQ
368,1215NAQ
369,1215NAQ
370,1215NAQ
371,1215NAQ
372,1215NAQ
373,1215NAQ
374,1215NAQ
375,1215NAQ
376,1215NAQ
377,1215NAQ
378,1215NAQ
379,1215NAQ
380,1215NAQ
381,1215NAQ
382,1215NAQ
383,1215NAQ
384,1215NAQ
385,1215NAQ
386,1215NAQ
387,1215NAQ
388,1215NAQ
389,1215NAQ
390,1215NAQ
391,2682AZX
392,2682AZX
393,2682AZX
394,2682AZX
395,2682AZX
396,2682AZX
397,2682AZX
398,2682AZX
399,2682AZX
400,2682AZX
401,2682AZX
402,2682AZX
403,2682AZX
404,2682AZX
405,2682AZX
406,2682AZX
407,2682AZX
408,2682AZX
409,2682AZX
410,2682AZX
411,2682AZX
412,2682AZX
413,2682AZX
414,2682AZX
415,2682AZX
416,2682AZX
417,2682AZX
418,2682AZX
419,2682AZX
420,2682AZX
421,2682AZX
422,2682AZX
423,2682AZX
424,2682AZX
425,2682AZX
426,2682AZX
427,2682AZX
428,2682AZX
429,2682AZX
430,2682AZX
431,8663GXQ
432,8663GXQ
433,8663GXQ
434,8663GXQ
435,8663GXQ
436,8663GXQ
437,8663GXQ
438,8663GXQ
439,8663GXQ
440,8663GXQ
441,8663GXQ
442,8663GXQ
443,8663GXQ
444,8663GXQ
445,8663GXQ
446,8663GXQ
447,8663GXQ
448,8663GXQ
449,8663GXQ
450,8663GXQ
451,8663GXQ
452,8663GXQ
453,8663GXQ
454,8663GXQ
455,8663GXQ
456,8663GXQ
457,8663GXQ
458,8663GXQ
459,8663GXQ
460,8663GXQ
461,8663GXQ
462,8663GXQ
463,8663GXQ
464,8663GXQ
465,8663GXQ
466,8663GXQ
467,8663GXQ
468,8663GXQ
469,8663GXQ
470,8663GXQ
471,8663GXQ
472,8663GXQ
473,8663GXQ
474,8663GXQ
475,8663GXQ
476,8663GXQ
477,8663GXQ
478,8663GXQ
479,8663GXQ
480,8663GXQ
481,8663GXQ
482,8663GXQ
483,8663GXQ
484,8663GXQ
485,8663GXQ
486,8663GXQ
487,8663GXQ
488,8663GXQ
489,8663GXQ
490,8663GXQ
491,5246CSB
492,5246CSB
493,5246CSB
494,5246CSB
495,5246CSB
496,5246CSB
497,5246CSB
498,5246CSB
499,5246CSB
500,5246CSB
501,5246CSB
502,5246CSB
503,5246CSB
504,5246CSB
505,5246CSB
506,5246CSB
507,5246CSB
508,5246CSB
509,5246CSB
510,5246CSB
511,8945VWE
512,8945VWE
513,8945VWE
514,8945VWE
515,8945VWE
516,8945VWE
517,8945VWE
518,8945VWE
519,8945VWE
520,8945VWE
521,8945VWE
522,8945VWE
523,8945VWE
524,8945VWE
525,8945VWE
526,8945VWE
527,8945VWE
528,8945VWE
529,8945VWE
530,8945VWE
531,8945VWE
532,8945VWE
533,8945VWE
534,8945VWE
535,8945VWE
536,8945VWE
537,8945VWE
538,8945VWE
539,8945VWE
540,8945VWE
541,8558ROP
542,8558ROP
543,8558ROP
544,8558ROP
545,8558ROP
546,8558ROP
547,8558ROP
548,8558ROP
549,8558ROP
550,8558ROP
551,8558ROP
552,8558ROP
553,8558ROP
554,8558ROP
555,8558ROP
556,8558ROP
557,8558ROP
558,8558ROP
559,8558ROP
560,8558ROP
561,6900AAM
562,6900AAM
563,6900AAM
564,6900AAM
565,6900AAM
566,6900AAM
567,6900AAM
568,6900AAM
569,6900AAM
570,6900AAM
571,6900AAM
572,6900AAM
573,6900AAM
574,6900AAM
575,6900AAM
576,6900AAM
577,6900AAM
578,6900AAM
579,6900AAM
580,6900AAM
581,6900AAM
582,6900AAM
583,6900AAM
584,6900AAM
585,6900AAM
586,6900AAM
587,6900AAM
588,6900AAM
589,6900AAM
590,6900AAM
591,5069XNB
592,5069XNB
593,5069XNB
594,5069XNB
595,5069XNB
596,5069XNB
597,5069XNB
598,5069XNB
599,5069XNB
600,5069XNB
601,5069XNB
602,5069XNB
603,5069XNB
604,5069XNB
605,5069XNB
606,5069XNB
607,5069XNB
608,5069XNB
609,5069XNB
610,5069XNB
611,5069XNB
612,5069XNB
613,5069XNB
614,5069XNB
615,5069XNB
616,5069XNB
617,5069XNB
618,5069XNB
619,5069XNB
620,5069XNB
621,5223SOU
622,5223SOU
623,5223SOU
624,5223SOU
625,5223SOU
626,5223SOU
627,5223SOU
628,5223SOU
629,5223SOU
630,5223SOU
631,5223SOU
632,5223SOU
633,5223SOU
634,5223SOU
635,5223SOU
636,5223SOU
637,5223SOU
638,5223SOU
639,5223SOU
640,5223SOU
641,5223SOU
642,5223SOU
643,5223SOU
644,5223SOU
645,5223SOU
646,5223SOU
647,5223SOU
648,5223SOU
649,5223SOU
650,5223SOU
651,6557FWY
652,6557FWY
653,6557FWY
654,6557FWY
655,6557FWY
656,6557FWY
657,6557FWY
658,6557FWY
659,6557FWY
660,6557FWY
661,6557FWY
662,6557FWY
663,6557FWY
664,6557FWY
665,6557FWY
666,6557FWY
667,6557FWY
668,6557FWY
669,6557FWY
670,6557FWY
671,6557FWY
672,6557FWY
673,6557FWY
674,6557FWY
675,6557FWY
676,6557FWY
677,6557FWY
678,6557FWY
679,6557FWY
680,6557FWY
681,2705NRA
682,2705NRA
683,2705NRA
684,2705NRA
685,2705NRA
686,2705NRA
687,2705NRA
688,2705NRA
689,2705NRA
690,2705NRA
691,2705NRA
692,2705NRA
693,2705NRA
694,2705NRA
695,2705NRA
696,2705NRA
697,2705NRA
698,2705NRA
699,2705NRA
700,2705NRA
701,2705NRA
702,2705NRA
703,2705NRA
704,2705NRA
705,2705NRA
706,2705NRA
707,2705NRA
708,2705NRA
709,2705NRA
710,2705NRA
711,2705NRA
712,2705NRA
713,2705NRA
714,2705NRA
715,2705NRA
716,2705NRA
717,2705NRA
718,2705NRA
719,2705NRA
720,2705NRA
721,2705NRA
722,2705NRA
723,2705NRA
724,2705NRA
725,2705NRA
726,2705NRA
727,2705NRA
728,2705NRA
729,2705NRA
730,2705NRA
731,3233TXB
732,3233TXB
733,3233TXB
734,3233TXB
735,3233TXB
736,3233TXB
737,3233TXB
738,3233TXB
739,3233TXB
740,3233TXB
741,3233TXB
742,3233TXB
743,3233TXB
744,3233TXB
745,3233TXB
746,3233TXB
747,3233TXB
748,3233TXB
749,3233TXB
750,3233TXB
751,3233TXB
752,3233TXB
753,3233TXB
754,3233TXB
755,3233TXB
756,3233TXB
757,3233TXB
758,3233TXB
759,3233TXB
760,3233TXB
761,3233TXB
762,3233TXB
763,3233TXB
764,3233TXB
765,3233TXB
766,3233TXB
767,3233TXB
768,3233TXB
769,3233TXB
770,3233TXB
771,8575VAW
772,8575VAW
773,8575VAW
774,8575VAW
775,8575VAW
776,8575VAW
777,8575VAW
778,8575VAW
779,8575VAW
780,8575VAW
781,8575VAW
782,8575VAW
783,8575VAW
784,8575VAW
785,8575VAW
786,8575VAW
787,8575VAW
788,8575VAW
789,8575VAW
790,8575VAW
791,8575VAW
792,8575VAW
793,8575VAW
794,8575VAW
795,8575VAW
796,8575VAW
797,8575VAW
798,8575VAW
799,8575VAW
800,8575VAW
801,8575VAW
802,8575VAW
803,8575VAW
804,8575VAW
805,8575VAW
806,8575VAW
807,8575VAW
808,8575VAW
809,8575VAW
810,8575VAW
811,8575VAW
812,8575VAW
813,8575VAW
814,8575VAW
815,8575VAW
816,8575VAW
817,8575VAW
818,8575VAW
819,8575VAW
820,8575VAW
821,4781YQY
822,4781YQY
823,4781YQY
824,4781YQY
825,4781YQY
826,4781YQY
827,4781YQY
828,4781YQY
829,4781YQY
830,4781YQY
831,4781YQY
832,4781YQY
833,4781YQY
834,4781YQY
835,4781YQY
836,4781YQY
837,4781YQY
838,4781YQY
839,4781YQY
840,4781YQY
841,4781YQY
842,4781YQY
843,4781YQY
844,4781YQY
845,4781YQY
846,4781YQY
847,4781YQY
848,4781YQY
849,4781YQY
850,4781YQY
851,4781YQY
852,4781YQY
853,4781YQY
854,4781YQY
855,4781YQY
856,4781YQY
857,4781YQY
858,4781YQY
859,4781YQY
860,4781YQY
861,4781YQY
862,4781YQY
863,4781YQY
864,4781YQY
865,4781YQY
866,4781YQY
867,4781YQY
868,4781YQY
869,4781YQY
870,4781YQY
871,7942UVX
872,7942UVX
873,7942UVX
874,7942UVX
875,7942UVX
876,7942UVX
877,7942UVX
878,7942UVX
879,7942UVX
880,7942UVX
881,7942UVX
882,7942UVX
883,7942UVX
884,7942UVX
885,7942UVX
886,7942UVX
887,7942UVX
888,7942UVX
889,7942UVX
890,7942UVX
891,7942UVX
892,7942UVX
893,7942UVX
894,7942UVX
895,7942UVX
896,7942UVX
897,7942UVX
898,7942UVX
899,7942UVX
900,7942UVX
901,7942UVX
902,7942UVX
903,7942UVX
904,7942UVX
905,7942UVX
906,7942UVX
907,7942UVX
908,7942UVX
909,7942UVX
910,7942UVX
911,7942UVX
912,7942UVX
913,7942UVX
914,7942UVX
915,7942UVX
916,7942UVX
917,7942UVX
918,7942UVX
919,7942UVX
920,7942UVX
921,7942UVX
922,7942UVX
923,7942UVX
924,7942UVX
925,7942UVX
926,7942UVX
927,7942UVX
928,7942UVX
929,7942UVX
930,7942UVX
931,8486BDC
932,8486BDC
933,8486BDC
934,8486BDC
935,8486BDC
936,8486BDC
937,8486BDC
938,8486BDC
939,8486BDC
940,8486BDC
941,8486BDC
942,8486BDC
943,8486BDC
944,8486BDC
945,8486BDC
946,8486BDC
947,8486BDC
948,8486BDC
949,8486BDC
950,8486BDC
951,8486BDC
952,8486BDC
953,8486BDC
954,8486BDC
955,8486BDC
956,8486BDC
957,8486BDC
958,8486BDC
959,8486BDC
960,8486BDC
961,8486BDC
962,8486BDC
963,8486BDC
964,8486BDC
965,8486BDC
966,8486BDC
967,8486BDC
968,8486BDC
969,8486BDC
970,8486BDC
971,7075LAL
972,7075LAL
973,7075LAL
974,7075LAL
975,7075LAL
976,7075LAL
977,7075LAL
978,7075LAL
979,7075LAL
980,7075LAL
981,7075LAL
982,7075LAL
983,7075LAL
984,7075LAL
985,7075LAL
986,7075LAL
987,7075LAL
988,7075LAL
989,7075LAL
990,7075LAL
991,7075LAL
992,7075LAL
993,7075LAL
994,7075LAL
995,7075LAL
996,7075LAL
997,7075LAL
998,7075LAL
999,7075LAL
1000,7075LAL
1001,7075LAL
1002,7075LAL
1003,7075LAL
1004,7075LAL
1005,7075LAL
1006,7075LAL
1007,7075LAL
1008,7075LAL
1009,7075LAL
1010,7075LAL
1011,5754TNQ
1012,5754TNQ
1013,5754TNQ
1014,5754TNQ
1015,5754TNQ
1016,5754TNQ
1017,5754TNQ
1018,5754TNQ
1019,5754TNQ
1020,5754TNQ
1021,5754TNQ
1022,5754TNQ
1023,5754TNQ
1024,5754TNQ
1025,5754TNQ
1026,5754TNQ
1027,5754TNQ
1028,5754TNQ
1029,5754TNQ
1030,5754TNQ
1031,5754TNQ
1032,5754TNQ
1033,5754TNQ
1034,5754TNQ
1035,5754TNQ
1036,5754TNQ
1037,5754TNQ
1038,5754TNQ
1039,5754TNQ
1040,5754TNQ
1041,5754TNQ
1042,5754TNQ
1043,5754TNQ
1044,5754TNQ
1045,5754TNQ
1046,5754TNQ
1047,5754TNQ
1048,5754TNQ
1049,5754TNQ
1050,5754TNQ
1051,5754TNQ
1052,5754TNQ
1053,5754TNQ
1054,5754TNQ
1055,5754TNQ
1056,5754TNQ
1057,5754TNQ
1058,5754TNQ
1059,5754TNQ
1060,5754TNQ
1061,8176VKQ
1062,8176VKQ
1063,8176VKQ
1064,8176VKQ
1065,8176VKQ
1066,8176VKQ
1067,8176VKQ
1068,8176VKQ
1069,8176VKQ
1070,8176VKQ
1071,8176VKQ
1072,8176VKQ
1073,8176VKQ
1074,8176VKQ
1075,8176VKQ
1076,8176VKQ
1077,8176VKQ
1078,8176VKQ
1079,8176VKQ
1080,8176VKQ
1081,8176VKQ
1082,8176VKQ
1083,8176VKQ
1084,8176VKQ
1085,8176VKQ
1086,8176VKQ
1087,8176VKQ
1088,8176VKQ
1089,8176VKQ
1090,8176VKQ
1091,2227OQK
1092,2227OQK
1093,2227OQK
1094,2227OQK
1095,2227OQK
1096,2227OQK
1097,2227OQK
1098,2227OQK
1099,2227OQK
1100,2227OQK
1101,2227OQK
1102,2227OQK
1103,2227OQK
1104,2227OQK
1105,2227OQK
1106,2227OQK
1107,2227OQK
1108,2227OQK
1109,2227OQK
1110,2227OQK
1111,9140XEX
1112,9140XEX
1113,9140XEX
1114,9140XEX
1115,9140XEX
1116,9140XEX
1117,9140XEX
1118,9140XEX
1119,9140XEX
1120,9140XEX
1121,9140XEX
1122,9140XEX
1123,9140XEX
1124,9140XEX
1125,9140XEX
1126,9140XEX
1127,9140XEX
1128,9140XEX
1129,9140XEX
1130,9140XEX
1131,9140XEX
1132,9140XEX
1133,9140XEX
1134,9140XEX
1135,9140XEX
1136,9140XEX
1137,9140XEX
1138,9140XEX
1139,9140XEX
1140,9140XEX
1141,9140XEX
1142,9140XEX
1143,9140XEX
1144,9140XEX
1145,9140XEX
1146,9140XEX
1147,9140XEX
1148,9140XEX
1149,9140XEX
1150,9140XEX
1151,9140XEX
1152,9140XEX
1153,9140XEX
1154,9140XEX
1155,9140XEX
1156,9140XEX
1157,9140XEX
1158,9140XEX
1159,9140XEX
1160,9140XEX
1161,4279EUL
1162,4279EUL
1163,4279EUL
1164,4279EUL
1165,4279EUL
1166,4279EUL
1167,4279EUL
1168,4279EUL
1169,4279EUL
1170,4279EUL
1171,4279EUL
1172,4279EUL
1173,4279EUL
1174,4279EUL
1175,4279EUL
1176,4279EUL
1177,4279EUL
1178,4279EUL
1179,4279EUL
1180,4279EUL
1181,7311BLK
1182,7311BLK
1183,7311BLK
1184,7311BLK
1185,7311BLK
1186,7311BLK
1187,7311BLK
1188,7311BLK
1189,7311BLK
1190,7311BLK
1191,7311BLK
1192,7311BLK
1193,7311BLK
1194,7311BLK
1195,7311BLK
1196,7311BLK
1197,7311BLK
1198,7311BLK
1199,7311BLK
1200,7311BLK
1201,7311BLK
1202,7311BLK
1203,7311BLK
1204,7311BLK
1205,7311BLK
1206,7311BLK
1207,7311BLK
1208,7311BLK
1209,7311BLK
1210,7311BLK
1211,7311BLK
1212,7311BLK
1213,7311BLK
1214,7311BLK
1215,7311BLK
1216,7311BLK
1217,7311BLK
1218,7311BLK
1219,7311BLK
1220,7311BLK
1221,5160IJK
1222,5160IJK
1223,5160IJK
1224,5160IJK
1225,5160IJK
1226,5160IJK
1227,5160IJK
1228,5160IJK
1229,5160IJK
1230,5160IJK
1231,5160IJK
1232,5160IJK
1233,5160IJK
1234,5160IJK
1235,5160IJK
1236,5160IJK
1237,5160IJK
1238,5160IJK
1239,5160IJK
1240,5160IJK
1241,5160IJK
1242,5160IJK
1243,5160IJK
1244,5160IJK
1245,5160IJK
1246,5160IJK
1247,5160IJK
1248,5160IJK
1249,5160IJK
1250,5160IJK
1251,5160IJK
1252,5160IJK
1253,5160IJK
1254,5160IJK
1255,5160IJK
1256,5160IJK
1257,5160IJK
1258,5160IJK
1259,5160IJK
1260,5160IJK
1261,5160IJK
1262,5160IJK
1263,5160IJK
1264,5160IJK
1265,5160IJK
1266,5160IJK
1267,5160IJK
1268,5160IJK
1269,5160IJK
1270,5160IJK
1271,6283TFB
1272,6283TFB
1273,6283TFB
1274,6283TFB
1275,6283TFB
1276,6283TFB
1277,6283TFB
1278,6283TFB
1279,6283TFB
1280,6283TFB
1281,6283TFB
1282,6283TFB
1283,6283TFB
1284,6283TFB
1285,6283TFB
1286,6283TFB
1287,6283TFB
1288,6283TFB
1289,6283TFB
1290,6283TFB
1291,6283TFB
1292,6283TFB
1293,6283TFB
1294,6283TFB
1295,6283TFB
1296,6283TFB
1297,6283TFB
1298,6283TFB
1299,6283TFB
1300,6283TFB
1301,6283TFB
1302,6283TFB
1303,6283TFB
1304,6283TFB
1305,6283TFB
1306,6283TFB
1307,6283TFB
1308,6283TFB
1309,6283TFB
1310,6283TFB
1311,2537FPU
1312,2537FPU
1313,2537FPU
1314,2537FPU
1315,2537FPU
1316,2537FPU
1317,2537FPU
1318,2537FPU
1319,2537FPU
1320,2537FPU
1321,2537FPU
1322,2537FPU
1323,2537FPU
1324,2537FPU
1325,2537FPU
1326,2537FPU
1327,2537FPU
1328,2537FPU
1329,2537FPU
1330,2537FPU
1331,2537FPU
1332,2537FPU
1333,2537FPU
1334,2537FPU
1335,2537FPU
1336,2537FPU
1337,2537FPU
1338,2537FPU
1339,2537FPU
1340,2537FPU
1341,2537FPU
1342,2537FPU
1343,2537FPU
1344,2537FPU
1345,2537FPU
1346,2537FPU
1347,2537FPU
1348,2537FPU
1349,2537FPU
1350,2537FPU
1351,2537FPU
1352,2537FPU
1353,2537FPU
1354,2537FPU
1355,2537FPU
1356,2537FPU
1357,2537FPU
1358,2537FPU
1359,2537FPU
1360,2537FPU
1361,2537FPU
1362,2537FPU
1363,2537FPU
1364,2537FPU
1365,2537FPU
1366,2537FPU
1367,2537FPU
1368,2537FPU
1369,2537FPU
1370,2537FPU
1371,5196XEK
1372,5196XEK
1373,5196XEK
1374,5196XEK
1375,5196XEK
1376,5196XEK
1377,5196XEK
1378,5196XEK
1379,5196XEK
1380,5196XEK
1381,5196XEK
1382,5196XEK
1383,5196XEK
1384,5196XEK
1385,5196XEK
1386,5196XEK
1387,5196XEK
1388,5196XEK
1389,5196XEK
1390,5196XEK
1391,5196XEK
1392,5196XEK
1393,5196XEK
1394,5196XEK
1395,5196XEK
1396,5196XEK
1397,5196XEK
1398,5196XEK
1399,5196XEK
1400,5196XEK
1401,5056MSH
1402,5056MSH
1403,5056MSH
1404,5056MSH
1405,5056MSH
1406,5056MSH
1407,5056MSH
1408,5056MSH
1409,5056MSH
1410,5056MSH
1411,5056MSH
1412,5056MSH
1413,5056MSH
1414,5056MSH
1415,5056MSH
1416,5056MSH
1417,5056MSH
1418,5056MSH
1419,5056MSH
1420,5056MSH
1421,5056MSH
1422,5056MSH
1423,5056MSH
1424,5056MSH
1425,5056MSH
1426,5056MSH
1427,5056MSH
1428,5056MSH
1429,5056MSH
1430,5056MSH
1431,5056MSH
1432,5056MSH
1433,5056MSH
1434,5056MSH
1435,5056MSH
1436,5056MSH
1437,5056MSH
1438,5056MSH
1439,5056MSH
1440,5056MSH
1441,5056MSH
1442,5056MSH
1443,5056MSH
1444,5056MSH
1445,5056MSH
1446,5056MSH
1447,5056MSH
1448,5056MSH
1449,5056MSH
1450,5056MSH
1451,5860HON
1452,5860HON
1453,5860HON
1454,5860HON
1455,5860HON
1456,5860HON
1457,5860HON
1458,5860HON
1459,5860HON
1460,5860HON
1461,5860HON
1462,5860HON
1463,5860HON
1464,5860HON
1465,5860HON
1466,5860HON
1467,5860HON
1468,5860HON
1469,5860HON
1470,5860HON
1471,5860HON
1472,5860HON
1473,5860HON
1474,5860HON
1475,5860HON
1476,5860HON
1477,5860HON
1478,5860HON
1479,5860HON
1480,5860HON
1481,5860HON
1482,5860HON
1483,5860HON
1484,5860HON
1485,5860HON
1486,5860HON
1487,5860HON
1488,5860HON
1489,5860HON
1490,5860HON
1491,9029NZW
1492,9029NZW
1493,9029NZW
1494,9029NZW
1495,9029NZW
1496,9029NZW
1497,9029NZW
1498,9029NZW
1499,9029NZW
1500,9029NZW
1501,9029NZW
1502,9029NZW
1503,9029NZW
1504,9029NZW
1505,9029NZW
1506,9029NZW
1507,9029NZW
1508,9029NZW
1509,9029NZW
1510,9029NZW
1511,9029NZW
1512,9029NZW
1513,9029NZW
1514,9029NZW
1515,9029NZW
1516,9029NZW
1517,9029NZW
1518,9029NZW
1519,9029NZW
1520,9029NZW
1521,9029NZW
1522,9029NZW
1523,9029NZW
1524,9029NZW
1525,9029NZW
1526,9029NZW
1527,9029NZW
1528,9029NZW
1529,9029NZW
1530,9029NZW
1531,9029NZW
1532,9029NZW
1533,9029NZW
1534,9029NZW
1535,9029NZW
1536,9029NZW
1537,9029NZW
1538,9029NZW
1539,9029NZW
1540,9029NZW
1541,9029NZW
1542,9029NZW
1543,9029NZW
1544,9029NZW
1545,9029NZW
1546,9029NZW
1547,9029NZW
1548,9029NZW
1549,9029NZW
1550,9029NZW
1551,2765RSK
1552,2765RSK
1553,2765RSK
1554,2765RSK
1555,2765RSK
1556,2765RSK
1557,2765RSK
1558,2765RSK
1559,2765RSK
1560,2765RSK
1561,2765RSK
1562,2765RSK
1563,2765RSK
1564,2765RSK
1565,2765RSK
1566,2765RSK
1567,2765RSK
1568,2765RSK
1569,2765RSK
1570,2765RSK
1571,2765RSK
1572,2765RSK
1573,2765RSK
1574,2765RSK
1575,2765RSK
1576,2765RSK
1577,2765RSK
1578,2765RSK
1579,2765RSK
1580,2765RSK
1581,2765RSK
1582,2765RSK
1583,2765RSK
1584,2765RSK
1585,2765RSK
1586,2765RSK
1587,2765RSK
1588,2765RSK
1589,2765RSK
1590,2765RSK
1591,2765RSK
1592,2765RSK
1593,2765RSK
1594,2765RSK
1595,2765RSK
1596,2765RSK
1597,2765RSK
1598,2765RSK
1599,2765RSK
1600,2765RSK
1601,3748HRG
1602,3748HRG
1603,3748HRG
1604,3748HRG
1605,3748HRG
1606,3748HRG
1607,3748HRG
1608,3748HRG
1609,3748HRG
1610,3748HRG
1611,3748HRG
1612,3748HRG
1613,3748HRG
1614,3748HRG
1615,3748HRG
1616,3748HRG
1617,3748HRG
1618,3748HRG
1619,3748HRG
1620,3748HRG
1621,3748HRG
1622,3748HRG
1623,3748HRG
1624,3748HRG
1625,3748HRG
1626,3748HRG
1627,3748HRG
1628,3748HRG
1629,3748HRG
1630,3748HRG
1631,3748HRG
1632,3748HRG
1633,3748HRG
1634,3748HRG
1635,3748HRG
1636,3748HRG
1637,3748HRG
1638,3748HRG
1639,3748HRG
1640,3748HRG
1641,3748HRG
1642,3748HRG
1643,3748HRG
1644,3748HRG
1645,3748HRG
1646,3748HRG
1647,3748HRG
1648,3748HRG
1649,3748HRG
1650,3748HRG
1651,3748HRG
1652,3748HRG
1653,3748HRG
1654,3748HRG
1655,3748HRG
1656,3748HRG
1657,3748HRG
1658,3748HRG
1659,3748HRG
1660,3748HRG
